lumière civic arrière et moulure chrome,25.00,Il y a moins de 4 heures,/v-carrosserie/laval-rive-nord/lumiere-civic-arriere-et-moulure-chrome/1136785589
2015 Honda Civic Sedan EX CVT Toit Ouvrant/Ecran Tactile/Camera,17900.00,Il y a moins de 9 heures,/v-autos-camions/ouest-de-lile-qc/2015-honda-civic-sedan-ex-cvt-toit-ouvrant-ecran-tactile-camera/1174164911
2015 Honda Civic Sedan EX CVT Toit Ouvrant/Ecran Tactile/Camera,17900.00,Il y a moins de 9 heures,/v-autos-camions/ouest-de-lile-qc/2015-honda-civic-sedan-ex-cvt-toit-ouvrant-ecran-tactile-camera/1174164170
2015 Honda Civic Sedan LX CVT Sieges Chauffant/Bluetooth/Transmi,16500.00,Il y a moins de 9 heures,/v-autos-camions/ouest-de-lile-qc/2015-honda-civic-sedan-lx-cvt-sieges-chauffant-bluetooth-transmi/1119220863
2015 Honda Civic,16994.00,Il y a moins de 9 heures,/v-autos-camions/laval-rive-nord/2015-honda-civic/1182218836
2015 Honda Civic Coupé (2 portes),Sur demande,Il y a moins de 17 heures,/v-autos-camions/laval-rive-nord/2015-honda-civic-coupe-2-portes/1190178589
4X HONDA CIVIC 2012  WINTER TIRES + RIMES 195/65/15,280.00,Il y a moins de 18 heures,/v-pneus-jantes/laval-rive-nord/4x-honda-civic-2012-winter-tires-rimes-195-65-15/1190171032
Honda civic si 2015 transfer lease 208$ 2 weeks,Sur demande,Il y a moins de 22 heures,/v-autos-camions/longueuil-rive-sud/honda-civic-si-2015-transfer-lease-208-2-weeks/1190103840
2013-2015 Honda Civic SEDAN JDM emblem  SET,90.00,hier,/v-autres-pieces-et-accessoires/ouest-de-lile-qc/2013-2015-honda-civic-sedan-jdm-emblem-set/1190074404
2015 Honda Civic EX Berline,178.00,hier,/v-autos-camions/laval-rive-nord/2015-honda-civic-ex-berline/1190044821
2015 Honda Civic Berline Ex toit mags,20888.00,hier,/v-autos-camions/laval-rive-nord/2015-honda-civic-berline-ex-toit-mags/1190028561
2015 Honda Civic Berline,13995.00,hier,/v-autos-camions/laval-rive-nord/2015-honda-civic-berline/1096062695
Honda Civic Sedan EX 2015 - FLAMBANT NEUF -,20591.00,hier,/v-autos-camions/longueuil-rive-sud/honda-civic-sedan-ex-2015-flambant-neuf/1173833729
Honda Civic EX 2015,18900.00,12-août-16,/v-autos-camions/laval-rive-nord/honda-civic-ex-2015/1178629991
Honda Civic Si 2015 Comme Neuve 89$/semaine,25995.00,12-août-16,/v-autos-camions/laval-rive-nord/honda-civic-si-2015-comme-neuve-89-semaine/1189871829
OEM FOG LIGHTS / PHARES ANTIBROUILLARDS EOM.,Sur demande,12-août-16,/v-autres-pieces-et-accessoires/ville-de-montreal/oem-fog-lights-phares-antibrouillards-eom/1189791692
2015 Honda Civic,27950.00,12-août-16,/v-autos-camions/ville-de-montreal/2015-honda-civic/1188973326
2015 Honda Civic SI Coupé (2 portes),24995.00,12-août-16,/v-autos-camions/longueuil-rive-sud/2015-honda-civic-si-coupe-2-portes/1189708153
2015 Honda Civic SI +GARANTIE 10 ANS/200.000KM,28995.00,12-août-16,/v-autos-camions/laval-rive-nord/2015-honda-civic-si-garantie-10-ans-200-000km/1164954436
2015 Honda Civic LX Berline,4800.00,12-août-16,/v-autos-camions/laval-rive-nord/2015-honda-civic-lx-berline/1189661444
"2015 Honda Civic Si  * Navigation, Toit Ouvrant *",24984.00,11-août-16,/v-autos-camions/laval-rive-nord/2015-honda-civic-si-navigation-toit-ouvrant/1187996923
2015 Honda Civic Berline Lx,17888.00,11-août-16,/v-autos-camions/laval-rive-nord/2015-honda-civic-berline-lx/1189548909
2015 Honda Civic SI PROMO * Manuelle * 2.4L * Navigation * Perfo,24895.00,11-août-16,/v-autos-camions/longueuil-rive-sud/2015-honda-civic-si-promo-manuelle-2-4l-navigation-perfo/1185649960
2010 Honda Civic Sdn DX-G AUTO A/C CRUISE,7999.00,11-août-16,/v-autos-camions/longueuil-rive-sud/2010-honda-civic-sdn-dx-g-auto-a-c-cruise/1189101218
Honda Civic Si 2015 Tout Inclus 89$/semaine,25995.00,11-août-16,/v-autos-camions/ville-de-montreal/honda-civic-si-2015-tout-inclus-89-semaine/1166756674
2015 Honda Civic EX Berline,298.00,11-août-16,/v-autos-camions/laval-rive-nord/2015-honda-civic-ex-berline/1135951445
2015 Honda Civic EX-L Coupé (2 portes) ***30 Mois***,89.99,11-août-16,/v-autos-camions/longueuil-rive-sud/2015-honda-civic-ex-l-coupe-2-portes-30-mois/1187475842
2015 Honda Civic Sedan EX CVT Sieges Chauffant/Ecran Tactile/Cam,17900.00,11-août-16,/v-autos-camions/ouest-de-lile-qc/2015-honda-civic-sedan-ex-cvt-sieges-chauffant-ecran-tactile-cam/1189391789
2015 Honda Civic Coupe LX CVT Sieges Chauffants/Camera De Recul/,16500.00,11-août-16,/v-autos-camions/ouest-de-lile-qc/2015-honda-civic-coupe-lx-cvt-sieges-chauffants-camera-de-recul/1189390570
2015 Honda Civic Sedan EX CVT Toit Ouvrant/Ecran Tactile/Camera,17900.00,11-août-16,/v-autos-camions/ouest-de-lile-qc/2015-honda-civic-sedan-ex-cvt-toit-ouvrant-ecran-tactile-camera/1189390424
"Mags Honda Civic 15""",440.00,11-août-16,/v-pneus-jantes/ville-de-montreal/mags-honda-civic-15/1189391498
2015 Honda Civic LX AUTOMATIQUE,16995.00,11-août-16,/v-autos-camions/laval-rive-nord/2015-honda-civic-lx-automatique/1189385908
2015 Honda Civic Berline Reprise de Bail,356.67,11-août-16,/v-autos-camions/laval-rive-nord/2015-honda-civic-berline-reprise-de-bail/1189358945
2015 Honda Civic EX Automatique,17995.00,10-août-16,/v-autos-camions/laval-rive-nord/2015-honda-civic-ex-automatique/1189252766
Honda Civic Front Window Rain Deflectors,45.00,10-août-16,/v-carrosserie/ouest-de-lile-qc/honda-civic-front-window-rain-deflectors/1189205008
2 Honda Civic Sedan 2015  brand new liquidation $13500.00,135000.00,10-août-16,/v-autos-camions/ville-de-montreal/2-honda-civic-sedan-2015-brand-new-liquidation-13500-00/1189170691
MAG HONDA CIVIC SI 2015 NEWWWW,800.00,10-août-16,/v-pneus-jantes/laval-rive-nord/mag-honda-civic-si-2015-newwww/1149888543
2007 Honda Civic DX Sedan AT automatique,6500.00,09-août-16,/v-autos-camions/longueuil-rive-sud/2007-honda-civic-dx-sedan-at-automatique/1189042684
2015 Honda Civic LX Manual,58.51,09-août-16,/v-autos-camions/ville-de-montreal/2015-honda-civic-lx-manual/1188984484
