15-inch MacBook Pro with Retina display 2.2GHZ 256ssd,1999.00,Il y a moins de 16 minutes,/v-portables/ville-de-montreal/15-inch-macbook-pro-with-retina-display-2-2ghz-256ssd/1186690229
macbook pro retina 15 pouces 256 ssd late 2013,1300.00,Il y a moins de 4 heures,/v-portables/ville-de-montreal/macbook-pro-retina-15-pouces-256-ssd-late-2013/1186628906
MacBook Pro Retina 15 i7 8 go 256 ssd,1700.00,hier,/v-portables/longueuil-rive-sud/macbook-pro-retina-15-i7-8-go-256-ssd/1186459521
APPLE MACBOOK PRO RETINA 15 i7 2.3GHZ 8GB 256GB 2VIDEO CARDS,1399.00,29-juillet-16,/v-portables/longueuil-rive-sud/apple-macbook-pro-retina-15-i7-2-3ghz-8gb-256gb-2video-cards/1186062375
"APPLE MACBOOK PRO 2015 RETINA 15"" i7 2.2 GHZ 16GB 256GB SSD",1899.00,29-juillet-16,/v-portables/longueuil-rive-sud/apple-macbook-pro-2015-retina-15-i7-2-2-ghz-16gb-256gb-ssd/1186061196
APPLE MACBOOK PRO RETINA 15'' i7 2.2 GHZ 8GB 256GB 2 CYCLES BATT,1549.00,29-juillet-16,/v-portables/longueuil-rive-sud/apple-macbook-pro-retina-15-i7-2-2-ghz-8gb-256gb-2-cycles-batt/1186057101
"Macbook Pro 13inch Retina 2.7 Ghz i5 8GBRAM ,256SSD CC2015 colle",1500.00,29-juillet-16,/v-portables/ville-de-montreal/macbook-pro-13inch-retina-2-7-ghz-i5-8gbram-256ssd-cc2015-colle/1186054326
APPLE MACBOOK PRO RETINA 15'' i7 2.4 GHZ 8GB 256GB 2 video cards,1499.00,29-juillet-16,/v-portables/longueuil-rive-sud/apple-macbook-pro-retina-15-i7-2-4-ghz-8gb-256gb-2-video-cards/1186045858
"Macbook Pro 13inch Retina 2.7 Ghz i5 8GBRAM ,256SSD CC2015 colle",1500.00,28-juillet-16,/v-portables/ville-de-montreal/macbook-pro-13inch-retina-2-7-ghz-i5-8gbram-256ssd-cc2015-colle/1185795735
"MACBOOK PRO RETINA 2015 13"" i5 2.7 ghz 8GB 256GB WARR 4.01.2017",1349.00,28-juillet-16,/v-portables/longueuil-rive-sud/macbook-pro-retina-2015-13-i5-2-7-ghz-8gb-256gb-warr-4-01-2017/1185760287
"Macbook Pro 13inch Retina 2.7 Ghz i5 8GBRAM ,256SSD CC2015 colle",1500.00,28-juillet-16,/v-portables/ville-de-montreal/macbook-pro-13inch-retina-2-7-ghz-i5-8gbram-256ssd-cc2015-colle/1185740747
"Macbook Retina 15"" 2014 ( 2.3Ghz, Quad i7, 16GB, 256GB )",1380.00,27-juillet-16,/v-portables/ville-de-montreal/macbook-retina-15-2014-2-3ghz-quad-i7-16gb-256gb/1185486163
"Macbook Pro 13inch Retina 2.7 Ghz i5 8GBRAM ,256SSD CC2015 colle",1500.00,27-juillet-16,/v-portables/ville-de-montreal/macbook-pro-13inch-retina-2-7-ghz-i5-8gbram-256ssd-cc2015-colle/1185463657
"Macbook Pro 13inch Retina 2.7 Ghz i5 8GBRAM ,256SSD CC2015 colle",1500.00,26-juillet-16,/v-portables/ville-de-montreal/macbook-pro-13inch-retina-2-7-ghz-i5-8gbram-256ssd-cc2015-colle/1185288325
"Macbook Pro 13inch Retina 2.7 Ghz i5 8GBRAM ,256SSD CC2015 colle",1500.00,26-juillet-16,/v-portables/ville-de-montreal/macbook-pro-13inch-retina-2-7-ghz-i5-8gbram-256ssd-cc2015-colle/1185225626
"Macbook Retina 12"" Space Grey WITH Apple Care",1000.00,26-juillet-16,/v-portables/ville-de-montreal/macbook-retina-12-space-grey-with-apple-care/1185201737
Macbook Pro Retina 15 pouces late 2013,1699.00,26-juillet-16,/v-portables/ville-de-montreal/macbook-pro-retina-15-pouces-late-2013/1157564385
"MacBook 15"" retina 2.2Hz",2100.00,25-juillet-16,/v-portables/ouest-de-lile-qc/macbook-15-retina-2-2hz/1184917394
Sale:MacBook Pro 15Retina 2.2Hz,2100.00,25-juillet-16,/v-portables/ouest-de-lile-qc/sale:macbook-pro-15retina-2-2hz/1184916947
"MacBook Pro - Retina, 13-inch, 16GB RAM / 256GB SSD - MINT",1800.00,24-juillet-16,/v-portables/ville-de-montreal/macbook-pro-retina-13-inch-16gb-ram-256gb-ssd-mint/1184774177
"Macbook Pro 13"" 2.6 GHz Intel i5 (Mid 2014) SSD 256GB Retina",1250.00,24-juillet-16,/v-portables/longueuil-rive-sud/macbook-pro-13-2-6-ghz-intel-i5-mid-2014-ssd-256gb-retina/1182154559
Sale:MacBook Pro 15Retina 2.2Hz,2100.00,24-juillet-16,/v-portables/ouest-de-lile-qc/sale:macbook-pro-15retina-2-2hz/1184618641
"For sale MacBook 15""retina i7 2.2Hz",2100.00,22-juillet-16,/v-portables/ouest-de-lile-qc/for-sale-macbook-15-retina-i7-2-2hz/1184296263
"Apple MacBook 12"" retina, Core M3 1.1 GHz, 8 GB RAM, 256 SSD",1350.00,21-juillet-16,/v-portables/ville-de-montreal/apple-macbook-12-retina-core-m3-1-1-ghz-8-gb-ram-256-ssd/1183950998
"Macbook Pro 13inch Retina 2.7 Ghz i5 8GBRAM ,256SSD CC2015 colle",1500.00,21-juillet-16,/v-portables/ville-de-montreal/macbook-pro-13inch-retina-2-7-ghz-i5-8gbram-256ssd-cc2015-colle/1183878496
"Sale:MacBook Pro 15"" Retina like new",2100.00,21-juillet-16,/v-portables/ouest-de-lile-qc/sale:macbook-pro-15-retina-like-new/1183864561
Apple Macbook Pro Retina i7/8g/256g 13.3” 1349$,1349.00,20-juillet-16,/v-portables/ville-de-montreal/apple-macbook-pro-retina-i7-8g-256g-13-3-1349/1183632349
"Macbook Pro 13inch Retina 2.7 Ghz i5 8GBRAM ,256SSD CC2015 colle",1500.00,20-juillet-16,/v-portables/ville-de-montreal/macbook-pro-13inch-retina-2-7-ghz-i5-8gbram-256ssd-cc2015-colle/1183616974
"Macbook Pro 13inch Retina 2.7 Ghz i5 8GBRAM ,256SSD CC2015",1500.00,19-juillet-16,/v-portables/ville-de-montreal/macbook-pro-13inch-retina-2-7-ghz-i5-8gbram-256ssd-cc2015/1183313641
Macbook Pro i7 Retina 15 `` Quad Core 1499 $,1499.00,17-juillet-16,/v-portables/ville-de-montreal/macbook-pro-i7-retina-15-quad-core-1499/1182914778
"★BRAND NEW MACBOOK PRO 15"" 2.2GHZ i7 16GB RETINA★1YEAR WARRANTY★",1980.00,17-juillet-16,/v-portables/ville-de-montreal/brand-new-macbook-pro-15-2-2ghz-i7-16gb-retina-1year-warranty/1182803715
15.4-inch MacBook Pro with Retina display - Like new,1920.00,14-juillet-16,/v-portables/ville-de-montreal/15-4-inch-macbook-pro-with-retina-display-like-new/1182014921
15-inch MacBook Pro with Retina display,Sur demande,12-juillet-16,/v-portables/ville-de-montreal/15-inch-macbook-pro-with-retina-display/1181427411
Macbook Pro Retina 15 (fin-2013) I7 2Ghz 256 Go Ssd 8 Go de ram,1400.00,09-juillet-16,/v-portables/ville-de-montreal/macbook-pro-retina-15-fin-2013-i7-2ghz-256-go-ssd-8-go-de-ram/1180614372
"MacBook Pro 13"" i5 2.7Ghz early 2015 (comme neuf/like new)",1600.00,05-juillet-16,/v-portables/ouest-de-lile-qc/macbook-pro-13-i5-2-7ghz-early-2015-comme-neuf-like-new/1164019688
Macbook Pro Retina 15 (fin-2013) I7 2Ghz 256 Go Ssd 8 Go de ram,1400.00,30-juin-16,/v-portables/ville-de-montreal/macbook-pro-retina-15-fin-2013-i7-2ghz-256-go-ssd-8-go-de-ram/1178268705
"MacBook pro Retina 13 inch, Late 2012",1030.00,27-juin-16,/v-portables/ville-de-montreal/macbook-pro-retina-13-inch-late-2012/1099476106
MacBook Pro 13 pouces avec écran Retina,1499.00,23-juin-16,/v-portables/longueuil-rive-sud/macbook-pro-13-pouces-avec-ecran-retina/1176414673
Macbook retina display core i5 8gb ram 256gb,1200.00,22-juin-16,/v-portables/laval-rive-nord/macbook-retina-display-core-i5-8gb-ram-256gb/1176132583
Macbook pro retina mid 2015 **ENCORE GARANTIE 6 MOIS**,1600.00,11-juin-16,/v-portables/ville-de-montreal/macbook-pro-retina-mid-2015-encore-garantie-6-mois/1173110110
