Dell 6420/4 GB RAM/core i5-2410M/250 GB disque dur,230.00,Il y a moins de 2 heures,/v-portables/ville-de-montreal/dell-6420-4-gb-ram-core-i5-2410m-250-gb-disque-dur/1186594805
MacBook pro late 2011 - 2.8 core i7 / 4GB RAM / 256 SSD - MINT,850.00,Il y a moins de 2 heures,/v-portables/ville-de-montreal/macbook-pro-late-2011-2-8-core-i7-4gb-ram-256-ssd-mint/1186594793
MacBook Air i5 128GB EXCELLENT CONDITION,600.00,Il y a moins de 2 heures,/v-electronique/ville-de-montreal/macbook-air-i5-128gb-excellent-condition/1186516359
"Apple 13.3"" 2010 Unibody Macbook",350.00,Il y a moins de 2 heures,/v-portables/laval-rive-nord/apple-13-3-2010-unibody-macbook/1186590968
"Apple MacBook Pro 15.4 "" i7 2.4 Ghz 8GB Ram 750 GB HD Late 2011",950.00,Il y a moins de 2 heures,/v-portables/ville-de-montreal/apple-macbook-pro-15-4-i7-2-4-ghz-8gb-ram-750-gb-hd-late-2011/1186590852
"MacBook 2.4GHZ -4 GB -500 GB HDD - 15""",550.00,Il y a moins de 2 heures,/v-portables/ville-de-montreal/macbook-2-4ghz-4-gb-500-gb-hdd-15/1186590722
"MacBook 15"" /core i5 /4GB/ 320 GB",650.00,Il y a moins de 2 heures,/v-portables/ville-de-montreal/macbook-15-core-i5-4gb-320-gb/1186590714
"Pour tous les MacBook pro et air, Chargeurs commençant de $35",35.00,Il y a moins de 2 heures,/v-portables/ville-de-montreal/pour-tous-les-macbook-pro-et-air-chargeurs-commencant-de-35/1186590709
"Pour tous les laptops, Chargeurs commençant de $17",17.00,Il y a moins de 2 heures,/v-portables/ville-de-montreal/pour-tous-les-laptops-chargeurs-commencant-de-17/1186590700
Apple MacBook Core 2 Duo 2.1 Ghz 4GB Ram 250 GB HD,275.00,Il y a moins de 2 heures,/v-portables/ville-de-montreal/apple-macbook-core-2-duo-2-1-ghz-4gb-ram-250-gb-hd/1186590675
"Apple MacBook Pro A1286 15.4"" Laptop - MD103LL/A (June, 2012)",950.00,Il y a moins de 3 heures,/v-portables/ville-de-montreal/apple-macbook-pro-a1286-15-4-laptop-md103ll-a-june-2012/1186549776
Macbook Air 1st generation !,250.00,Il y a moins de 4 heures,/v-portables/longueuil-rive-sud/macbook-air-1st-generation/1186581721
4GB Barrette mémoire/ RAM sticks 2x2GB DDR3 1066 (PC3 8500),25.00,Il y a moins de 4 heures,/v-cartes-memoires-cles-usb/ville-de-montreal/4gb-barrette-memoire-ram-sticks-2x2gb-ddr3-1066-pc3-8500/1186580272
macbook core 2duo 2gb dvdrw webcam mac os mac office 150$,150.00,Il y a moins de 5 heures,/v-portables/ville-de-montreal/macbook-core-2duo-2gb-dvdrw-webcam-mac-os-mac-office-150/1186569431
"MacBook Air 13 "" (garantie jusqu'au mois de Mars 2017)",1000.00,Il y a moins de 5 heures,/v-portables/laval-rive-nord/macbook-air-13-garantie-jusquau-mois-de-mars-2017/1186568462
"Apple MacBook Pro Retina / Core i5 / 13"" / Late 2013/ 4 GB RAM",950.00,Il y a moins de 5 heures,/v-portables/ville-de-montreal/apple-macbook-pro-retina-core-i5-13-late-2013-4-gb-ram/1186564899
Recherché :JACHETE DES MACBOOK AIR OU PRO BLOQUER ICLOUD,Sur demande,Il y a moins de 5 minutes,/v-portables/ville-de-montreal/jachete-des-macbook-air-ou-pro-bloquer-icloud/1186673516
"Chargeurs Pour tous les Laptops (MacBook pro,MacBook air, ...)..",32.50,Il y a moins de 7 minutes,/v-portables/ville-de-montreal/chargeurs-pour-tous-les-laptops-macbook-pro-macbook-air/1186672943
MacBook 13 inch Lighting Fast,300.00,Il y a moins de 12 minutes,/v-portables/laval-rive-nord/macbook-13-inch-lighting-fast/1186671205
"Pour tous les MacBook pro et air, Chargeurs commençant de $35",35.00,Il y a moins de 17 minutes,/v-portables/ville-de-montreal/pour-tous-les-macbook-pro-et-air-chargeurs-commencant-de-35/1186669743
"Pour tous les laptops, Chargeurs commençant de $17",17.00,Il y a moins de 17 minutes,/v-portables/ville-de-montreal/pour-tous-les-laptops-chargeurs-commencant-de-17/1186669737
"PORTABLE 13"" MACBOOK Pro",1100.00,Il y a moins de 18 minutes,/v-portables/ville-de-montreal/portable-13-macbook-pro/1186669364
MacBook Pro pour graphiste,800.00,Il y a moins de 26 minutes,/v-portables/ville-de-montreal/macbook-pro-pour-graphiste/1186666442
MacBook air 13 early 2014 256gb 4 ram,790.00,Il y a moins de 29 minutes,/v-portables/laval-rive-nord/macbook-air-13-early-2014-256gb-4-ram/1186665431
4GB DDR3L 1600MHZ 12800 Crucial,25.00,Il y a moins de 30 minutes,/v-cartes-memoires-cles-usb/ville-de-montreal/4gb-ddr3l-1600mhz-12800-crucial/1186665069
"MACBOOK UNIBODY 2009 C2D 2,26 GHZ 4GB 750GB DVDRW MAC OS  269$",269.00,Il y a moins de 32 minutes,/v-portables/ville-de-montreal/macbook-unibody-2009-c2d-2-26-ghz-4gb-750gb-dvdrw-mac-os-269/1186664476
WOW SPECIAL DE LA SEMAINE MACBOOK 179$,180.00,Il y a moins de 35 minutes,/v-portables/ville-de-montreal/wow-special-de-la-semaine-macbook-179/1186663574
HP Pro Tablet 408 G1 (L4A36UT#ABL) BRAND NEW IN THE BOX NEUF,249.00,Il y a moins de 39 minutes,/v-ipads-tablettes/ville-de-montreal/hp-pro-tablet-408-g1-l4a36ut-abl-brand-new-in-the-box-neuf/1186662151
Xbox One Elite Bundle 1TB SEALED BOX CALL TODAY,419.99,Il y a moins de 40 minutes,/v-xbox-one/ville-de-montreal/xbox-one-elite-bundle-1tb-sealed-box-call-today/1186661930
NEXUS 6P 128GB SILVER BRAND NEW ! FACTORY UNLOCKED DEBLOQUER,599.00,Il y a moins de 40 minutes,/v-cellulaire/ville-de-montreal/nexus-6p-128gb-silver-brand-new-factory-unlocked-debloquer/1186661911
SAMSUNG NOTE 5 SILVER 64GB UNLOCKED / DEBLOQUER // MINT 10/10 !,650.00,Il y a moins de 40 minutes,/v-cellulaire/ville-de-montreal/samsung-note-5-silver-64gb-unlocked-debloquer-mint-10-10/1186661868
Recherché :★☆ BUYING ! MACBOOK PRO 13'' 15'' MACBOOK AIR IMAC ☆★ IPADS ☆★,Sur demande,Il y a moins de 40 minutes,/v-portables/ville-de-montreal/buying-macbook-pro-13-15-macbook-air-imac-ipads/1186661845
MacBook Pro,1850.00,Il y a moins de 4 minutes,/v-portables/ville-de-montreal/macbook-pro/1186676147
"Apple 13.3"" 2010 Unibody Macbook",350.00,Il y a moins de 6 minutes,/v-portables/laval-rive-nord/apple-13-3-2010-unibody-macbook/1186675576
Wanted: WE BUY IPHONE MACBOOK IPAD SAMSUNG LG TOP $$$$$$,9999.00,Il y a moins de 6 minutes,/v-electronique/ville-de-montreal/wanted:-we-buy-iphone-macbook-ipad-samsung-lg-top/1186675466
"Recherché :LOOKING TO BUY HTC, SAMSUNG, IPHONE4,5,5S CALL 5148148677",Sur demande,Il y a moins de 9 minutes,/v-cellulaire/ville-de-montreal/looking-to-buy-htc-samsung-iphone4-5-5s-call-5148148677/1186674432
Recherché :JACHETE DES MACBOOK AIR OU PRO BLOQUER ICLOUD,Sur demande,Il y a moins de 12 minutes,/v-portables/ville-de-montreal/jachete-des-macbook-air-ou-pro-bloquer-icloud/1186673516
"Chargeurs Pour tous les Laptops (MacBook pro,MacBook air, ...)..",32.50,Il y a moins de 14 minutes,/v-portables/ville-de-montreal/chargeurs-pour-tous-les-laptops-macbook-pro-macbook-air/1186672943
MacBook 13 inch Lighting Fast,300.00,Il y a moins de 19 minutes,/v-portables/laval-rive-nord/macbook-13-inch-lighting-fast/1186671205
"Pour tous les MacBook pro et air, Chargeurs commençant de $35",35.00,Il y a moins de 23 minutes,/v-portables/ville-de-montreal/pour-tous-les-macbook-pro-et-air-chargeurs-commencant-de-35/1186669743
"Pour tous les laptops, Chargeurs commençant de $17",17.00,Il y a moins de 23 minutes,/v-portables/ville-de-montreal/pour-tous-les-laptops-chargeurs-commencant-de-17/1186669737
"PORTABLE 13"" MACBOOK Pro",1100.00,Il y a moins de 24 minutes,/v-portables/ville-de-montreal/portable-13-macbook-pro/1186669364
MacBook Pro pour graphiste,800.00,Il y a moins de 33 minutes,/v-portables/ville-de-montreal/macbook-pro-pour-graphiste/1186666442
MacBook air 13 early 2014 256gb 4 ram,790.00,Il y a moins de 36 minutes,/v-portables/laval-rive-nord/macbook-air-13-early-2014-256gb-4-ram/1186665431
4GB DDR3L 1600MHZ 12800 Crucial,25.00,Il y a moins de 37 minutes,/v-cartes-memoires-cles-usb/ville-de-montreal/4gb-ddr3l-1600mhz-12800-crucial/1186665069
"MACBOOK UNIBODY 2009 C2D 2,26 GHZ 4GB 750GB DVDRW MAC OS  269$",269.00,Il y a moins de 39 minutes,/v-portables/ville-de-montreal/macbook-unibody-2009-c2d-2-26-ghz-4gb-750gb-dvdrw-mac-os-269/1186664476
WOW SPECIAL DE LA SEMAINE MACBOOK 179$,180.00,Il y a moins de 41 minutes,/v-portables/ville-de-montreal/wow-special-de-la-semaine-macbook-179/1186663574
HP Pro Tablet 408 G1 (L4A36UT#ABL) BRAND NEW IN THE BOX NEUF,249.00,Il y a moins de 46 minutes,/v-ipads-tablettes/ville-de-montreal/hp-pro-tablet-408-g1-l4a36ut-abl-brand-new-in-the-box-neuf/1186662151
tres bonne etat macbook i5 deuxieme generation,750.00,Il y a moins de 6 minutes,/v-portables/ville-de-montreal/tres-bonne-etat-macbook-i5-deuxieme-generation/1186676410
MacBook Pro,1850.00,Il y a moins de 7 minutes,/v-portables/ville-de-montreal/macbook-pro/1186676147
"Apple 13.3"" 2010 Unibody Macbook",350.00,Il y a moins de 9 minutes,/v-portables/laval-rive-nord/apple-13-3-2010-unibody-macbook/1186675576
Wanted: WE BUY IPHONE MACBOOK IPAD SAMSUNG LG TOP $$$$$$,9999.00,Il y a moins de 9 minutes,/v-electronique/ville-de-montreal/wanted:-we-buy-iphone-macbook-ipad-samsung-lg-top/1186675466
"Recherché :LOOKING TO BUY HTC, SAMSUNG, IPHONE4,5,5S CALL 5148148677",Sur demande,Il y a moins de 12 minutes,/v-cellulaire/ville-de-montreal/looking-to-buy-htc-samsung-iphone4-5-5s-call-5148148677/1186674432
Recherché :JACHETE DES MACBOOK AIR OU PRO BLOQUER ICLOUD,Sur demande,Il y a moins de 15 minutes,/v-portables/ville-de-montreal/jachete-des-macbook-air-ou-pro-bloquer-icloud/1186673516
"Chargeurs Pour tous les Laptops (MacBook pro,MacBook air, ...)..",32.50,Il y a moins de 17 minutes,/v-portables/ville-de-montreal/chargeurs-pour-tous-les-laptops-macbook-pro-macbook-air/1186672943
MacBook 13 inch Lighting Fast,300.00,Il y a moins de 22 minutes,/v-portables/laval-rive-nord/macbook-13-inch-lighting-fast/1186671205
"Pour tous les MacBook pro et air, Chargeurs commençant de $35",35.00,Il y a moins de 26 minutes,/v-portables/ville-de-montreal/pour-tous-les-macbook-pro-et-air-chargeurs-commencant-de-35/1186669743
"Pour tous les laptops, Chargeurs commençant de $17",17.00,Il y a moins de 26 minutes,/v-portables/ville-de-montreal/pour-tous-les-laptops-chargeurs-commencant-de-17/1186669737
"PORTABLE 13"" MACBOOK Pro",1100.00,Il y a moins de 27 minutes,/v-portables/ville-de-montreal/portable-13-macbook-pro/1186669364
MacBook Pro pour graphiste,800.00,Il y a moins de 36 minutes,/v-portables/ville-de-montreal/macbook-pro-pour-graphiste/1186666442
MacBook air 13 early 2014 256gb 4 ram,790.00,Il y a moins de 39 minutes,/v-portables/laval-rive-nord/macbook-air-13-early-2014-256gb-4-ram/1186665431
4GB DDR3L 1600MHZ 12800 Crucial,25.00,Il y a moins de 40 minutes,/v-cartes-memoires-cles-usb/ville-de-montreal/4gb-ddr3l-1600mhz-12800-crucial/1186665069
"MACBOOK UNIBODY 2009 C2D 2,26 GHZ 4GB 750GB DVDRW MAC OS  269$",269.00,Il y a moins de 42 minutes,/v-portables/ville-de-montreal/macbook-unibody-2009-c2d-2-26-ghz-4gb-750gb-dvdrw-mac-os-269/1186664476
WOW SPECIAL DE LA SEMAINE MACBOOK 179$,180.00,Il y a moins de 44 minutes,/v-portables/ville-de-montreal/wow-special-de-la-semaine-macbook-179/1186663574
tres bonne etat macbook i5 deuxieme generation,750.00,Il y a moins de 7 minutes,/v-portables/ville-de-montreal/tres-bonne-etat-macbook-i5-deuxieme-generation/1186676410
MacBook Pro,1850.00,Il y a moins de 7 minutes,/v-portables/ville-de-montreal/macbook-pro/1186676147
"Apple 13.3"" 2010 Unibody Macbook",350.00,Il y a moins de 9 minutes,/v-portables/laval-rive-nord/apple-13-3-2010-unibody-macbook/1186675576
Wanted: WE BUY IPHONE MACBOOK IPAD SAMSUNG LG TOP $$$$$$,9999.00,Il y a moins de 9 minutes,/v-electronique/ville-de-montreal/wanted:-we-buy-iphone-macbook-ipad-samsung-lg-top/1186675466
"Recherché :LOOKING TO BUY HTC, SAMSUNG, IPHONE4,5,5S CALL 5148148677",Sur demande,Il y a moins de 12 minutes,/v-cellulaire/ville-de-montreal/looking-to-buy-htc-samsung-iphone4-5-5s-call-5148148677/1186674432
Recherché :JACHETE DES MACBOOK AIR OU PRO BLOQUER ICLOUD,Sur demande,Il y a moins de 15 minutes,/v-portables/ville-de-montreal/jachete-des-macbook-air-ou-pro-bloquer-icloud/1186673516
"Chargeurs Pour tous les Laptops (MacBook pro,MacBook air, ...)..",32.50,Il y a moins de 17 minutes,/v-portables/ville-de-montreal/chargeurs-pour-tous-les-laptops-macbook-pro-macbook-air/1186672943
MacBook 13 inch Lighting Fast,300.00,Il y a moins de 22 minutes,/v-portables/laval-rive-nord/macbook-13-inch-lighting-fast/1186671205
"Pour tous les MacBook pro et air, Chargeurs commençant de $35",35.00,Il y a moins de 26 minutes,/v-portables/ville-de-montreal/pour-tous-les-macbook-pro-et-air-chargeurs-commencant-de-35/1186669743
"Pour tous les laptops, Chargeurs commençant de $17",17.00,Il y a moins de 26 minutes,/v-portables/ville-de-montreal/pour-tous-les-laptops-chargeurs-commencant-de-17/1186669737
"PORTABLE 13"" MACBOOK Pro",1100.00,Il y a moins de 27 minutes,/v-portables/ville-de-montreal/portable-13-macbook-pro/1186669364
MacBook Pro pour graphiste,800.00,Il y a moins de 36 minutes,/v-portables/ville-de-montreal/macbook-pro-pour-graphiste/1186666442
MacBook air 13 early 2014 256gb 4 ram,790.00,Il y a moins de 39 minutes,/v-portables/laval-rive-nord/macbook-air-13-early-2014-256gb-4-ram/1186665431
4GB DDR3L 1600MHZ 12800 Crucial,25.00,Il y a moins de 40 minutes,/v-cartes-memoires-cles-usb/ville-de-montreal/4gb-ddr3l-1600mhz-12800-crucial/1186665069
"MACBOOK UNIBODY 2009 C2D 2,26 GHZ 4GB 750GB DVDRW MAC OS  269$",269.00,Il y a moins de 42 minutes,/v-portables/ville-de-montreal/macbook-unibody-2009-c2d-2-26-ghz-4gb-750gb-dvdrw-mac-os-269/1186664476
WOW SPECIAL DE LA SEMAINE MACBOOK 179$,180.00,Il y a moins de 45 minutes,/v-portables/ville-de-montreal/wow-special-de-la-semaine-macbook-179/1186663574
tres bonne etat macbook i5 deuxieme generation,750.00,Il y a moins de 11 minutes,/v-portables/ville-de-montreal/tres-bonne-etat-macbook-i5-deuxieme-generation/1186676410
MacBook Pro,1850.00,Il y a moins de 11 minutes,/v-portables/ville-de-montreal/macbook-pro/1186676147
"Apple 13.3"" 2010 Unibody Macbook",350.00,Il y a moins de 13 minutes,/v-portables/laval-rive-nord/apple-13-3-2010-unibody-macbook/1186675576
Wanted: WE BUY IPHONE MACBOOK IPAD SAMSUNG LG TOP $$$$$$,9999.00,Il y a moins de 13 minutes,/v-electronique/ville-de-montreal/wanted:-we-buy-iphone-macbook-ipad-samsung-lg-top/1186675466
"Recherché :LOOKING TO BUY HTC, SAMSUNG, IPHONE4,5,5S CALL 5148148677",Sur demande,Il y a moins de 16 minutes,/v-cellulaire/ville-de-montreal/looking-to-buy-htc-samsung-iphone4-5-5s-call-5148148677/1186674432
Recherché :JACHETE DES MACBOOK AIR OU PRO BLOQUER ICLOUD,Sur demande,Il y a moins de 19 minutes,/v-portables/ville-de-montreal/jachete-des-macbook-air-ou-pro-bloquer-icloud/1186673516
"Chargeurs Pour tous les Laptops (MacBook pro,MacBook air, ...)..",32.50,Il y a moins de 21 minutes,/v-portables/ville-de-montreal/chargeurs-pour-tous-les-laptops-macbook-pro-macbook-air/1186672943
MacBook 13 inch Lighting Fast,300.00,Il y a moins de 26 minutes,/v-portables/laval-rive-nord/macbook-13-inch-lighting-fast/1186671205
"Pour tous les MacBook pro et air, Chargeurs commençant de $35",35.00,Il y a moins de 30 minutes,/v-portables/ville-de-montreal/pour-tous-les-macbook-pro-et-air-chargeurs-commencant-de-35/1186669743
"Pour tous les laptops, Chargeurs commençant de $17",17.00,Il y a moins de 31 minutes,/v-portables/ville-de-montreal/pour-tous-les-laptops-chargeurs-commencant-de-17/1186669737
"PORTABLE 13"" MACBOOK Pro",1100.00,Il y a moins de 32 minutes,/v-portables/ville-de-montreal/portable-13-macbook-pro/1186669364
MacBook Pro pour graphiste,800.00,Il y a moins de 40 minutes,/v-portables/ville-de-montreal/macbook-pro-pour-graphiste/1186666442
MacBook air 13 early 2014 256gb 4 ram,790.00,Il y a moins de 43 minutes,/v-portables/laval-rive-nord/macbook-air-13-early-2014-256gb-4-ram/1186665431
4GB DDR3L 1600MHZ 12800 Crucial,25.00,Il y a moins de 44 minutes,/v-cartes-memoires-cles-usb/ville-de-montreal/4gb-ddr3l-1600mhz-12800-crucial/1186665069
"MACBOOK UNIBODY 2009 C2D 2,26 GHZ 4GB 750GB DVDRW MAC OS  269$",269.00,Il y a moins de 46 minutes,/v-portables/ville-de-montreal/macbook-unibody-2009-c2d-2-26-ghz-4gb-750gb-dvdrw-mac-os-269/1186664476
WOW SPECIAL DE LA SEMAINE MACBOOK 179$,180.00,Il y a moins de 49 minutes,/v-portables/ville-de-montreal/wow-special-de-la-semaine-macbook-179/1186663574
