MacBook pro late 2011 - 2.8 core i7 / 4GB RAM / 256 SSD - MINT,850.00,Il y a moins de 2 heures,/v-portables/ville-de-montreal/macbook-pro-late-2011-2-8-core-i7-4gb-ram-256-ssd-mint/1186594793
"Apple MacBook Pro Retina / Core i5 / 13"" / Late 2013/ 4 GB RAM",950.00,Il y a moins de 5 heures,/v-portables/ville-de-montreal/apple-macbook-pro-retina-core-i5-13-late-2013-4-gb-ram/1186564899
MacBook pro â€“ Late 2012- 8 GB DDR3 -128 GB SSD -2.5 GHZ i5-3210M,900.00,Il y a moins de 5 heures,/v-portables/ville-de-montreal/macbook-pro-late-2012-8-gb-ddr3-128-gb-ssd-2-5-ghz-i5-3210m/1186564898
"Apple MacBook Pro Retina / Core i5 / 13"" / Late 2013/ 4 GB RAM",1000.00,Il y a moins de 7 heures,/v-portables/ville-de-montreal/apple-macbook-pro-retina-core-i5-13-late-2013-4-gb-ram/1186540099
macbook pro mid 2014 like new,900.00,Il y a moins de 9 heures,/v-portables/ville-de-montreal/macbook-pro-mid-2014-like-new/1186523420
"MacBook Pro 13"" i5 mid 2012 Perfect condition",740.00,Il y a moins de 9 heures,/v-portables/ville-de-montreal/macbook-pro-13-i5-mid-2012-perfect-condition/1186520458
"MacBook Pro 13"" i5 Early 2011",600.00,Il y a moins de 9 heures,/v-portables/ville-de-montreal/macbook-pro-13-i5-early-2011/1186519578
MacBook Pro 13 (2015),1350.00,Il y a moins de 10 heures,/v-portables/ville-de-montreal/macbook-pro-13-2015/1186512165
"Macbook Pro Retina 13inch 2.9Ghz i5 8GBRAM ,500SSD 1y applecare",1850.00,Il y a moins de 10 heures,/v-portables/ville-de-montreal/macbook-pro-retina-13inch-2-9ghz-i5-8gbram-500ssd-1y-applecare/1186511982
"Mac Apple , Service repair,buy and sell 514-295-7393 @ DuCollege",,Il y a moins de 10 heures,/v-services-formation-reparation/ville-de-montreal/mac-apple-service-repair-buy-and-sell-514-295-7393-ducollege/1186511322
Macbook air 13 inch,600.00,Il y a moins de 11 heures,/v-portables/ville-de-montreal/macbook-air-13-inch/1186454559
Chargeur pour **Macbook pro** & **Macbook Air** Adapter Charger,35.00,Il y a moins de 11 heures,/v-cables-et-connecteurs/ville-de-montreal/chargeur-pour-macbook-pro-macbook-air-adapter-charger/1186493251
Chargeur pour **Macbook pro** & **Macbook Air** Adapter Charger,35.00,Il y a moins de 11 heures,/v-accessoires-pour-portables/ville-de-montreal/chargeur-pour-macbook-pro-macbook-air-adapter-charger/1186493235
"13"" Macbook Air (1.6Ghz / Intel i5 / 4GB / 256GB ) January 2019",950.00,Il y a moins de 13 heures,/v-portables/ville-de-montreal/13-macbook-air-1-6ghz-intel-i5-4gb-256gb-january-2019/1186465356
"13"" Macbook Pro 2015 2.9ghz 512gb SSD AppleCare 2019",1750.00,Il y a moins de 13 heures,/v-portables/longueuil-rive-sud/13-macbook-pro-2015-2-9ghz-512gb-ssd-applecare-2019/1186459400
"MacBook pro Retina 13""",950.00,Il y a moins de 14 heures,/v-portables/laval-rive-nord/macbook-pro-retina-13/1186444915
