"Apple MacBook Pro Retina / Core i5 / 13"" / Late 2013/ 4 GB RAM",950.00,Il y a moins de 5 heures,/v-portables/ville-de-montreal/apple-macbook-pro-retina-core-i5-13-late-2013-4-gb-ram/1186564899
"Apple MacBook Pro Retina / Core i5 / 13"" / Late 2013/ 4 GB RAM",1000.00,Il y a moins de 7 heures,/v-portables/ville-de-montreal/apple-macbook-pro-retina-core-i5-13-late-2013-4-gb-ram/1186540099
"Macbook Pro Retina 13inch 2.9Ghz i5 8GBRAM ,500SSD 1y applecare",1850.00,Il y a moins de 10 heures,/v-portables/ville-de-montreal/macbook-pro-retina-13inch-2-9ghz-i5-8gbram-500ssd-1y-applecare/1186511982
"MacBook pro Retina 13""",950.00,Il y a moins de 14 heures,/v-portables/laval-rive-nord/macbook-pro-retina-13/1186444915
"Macbook Pro Retina 13inch 2.9Ghz i5 8GBRAM ,500SSD 1y applecare",1850.00,Il y a moins de 15 heures,/v-portables/ville-de-montreal/macbook-pro-retina-13inch-2-9ghz-i5-8gbram-500ssd-1y-applecare/1186435548
Recherché :★☆ BUYING ! MACBOOK PRO 13'' 15'' MACBOOK AIR IMAC ☆★ IPADS ☆★,Sur demande,Il y a moins de 15 heures,/v-portables/ville-de-montreal/buying-macbook-pro-13-15-macbook-air-imac-ipads/1186426270
"Apple MacBook Pro Retina / Core i5 / 13"" / Late 2013/ 4 GB RAM",1000.00,30-juillet-16,/v-portables/ville-de-montreal/apple-macbook-pro-retina-core-i5-13-late-2013-4-gb-ram/1186372203
"Apple MacBook Pro Retina / Core i5 / 13"" / Late 2013/ 4 GB RAM",1000.00,30-juillet-16,/v-portables/ville-de-montreal/apple-macbook-pro-retina-core-i5-13-late-2013-4-gb-ram/1186369512
Macbook pro 2015 retina 512g,1900.00,30-juillet-16,/v-portables/ouest-de-lile-qc/macbook-pro-2015-retina-512g/1186339552
"Insignia™ - Hard Shell Case for 13"" Apple® MacBook® Pro with Re",10.00,30-juillet-16,/v-accessoires-pour-portables/ville-de-montreal/insignia-hard-shell-case-for-13-apple-macbook-pro-with-re/1186302631
"Macbook Pro Retina 13inch 2.9Ghz i5 8GBRAM ,500SSD 1y applecare",1850.00,30-juillet-16,/v-portables/ville-de-montreal/macbook-pro-retina-13inch-2-9ghz-i5-8gbram-500ssd-1y-applecare/1186227112
"BRAND NEW MacBook Pro 13.3""/2.9GHZ/8GB/512GB",2330.00,30-juillet-16,/v-portables/ville-de-montreal/brand-new-macbook-pro-13-3-2-9ghz-8gb-512gb/1186059794
"Macbook retina 128 SSD 13"" 8Gb RAM",1000.00,30-juillet-16,/v-portables/ville-de-montreal/macbook-retina-128-ssd-13-8gb-ram/1186152923
"Macbook Pro Retina 13inch 2.9Ghz i5 8GBRAM ,500SSD 1y applecare",1850.00,29-juillet-16,/v-portables/ville-de-montreal/macbook-pro-retina-13inch-2-9ghz-i5-8gbram-500ssd-1y-applecare/1186143892
APPLE MACBOOK PRO RETINA 13 2015 i5 2.7 GHZ 8GB 128GB +PROGRAMS,1199.00,29-juillet-16,/v-portables/longueuil-rive-sud/apple-macbook-pro-retina-13-2015-i5-2-7-ghz-8gb-128gb-programs/1186068835
"Macbook Pro 13inch Retina 2.7 Ghz i5 8GBRAM ,256SSD CC2015 colle",1500.00,29-juillet-16,/v-portables/ville-de-montreal/macbook-pro-13inch-retina-2-7-ghz-i5-8gbram-256ssd-cc2015-colle/1186054326
"Macbook pro 13""",1300.00,29-juillet-16,/v-portables/ville-de-montreal/macbook-pro-13/1185972854
"Recherché :I BUY ** ANY MAC iMAC MACBOOK AIR PRO 11"" 12"" 13"" 15"" RETINA **",99999999.99,29-juillet-16,/v-portables/ville-de-montreal/i-buy-any-mac-imac-macbook-air-pro-11-12-13-15-retina/1185930180
MacBook Pro 13.3 retina early 2015 128 gb,1370.00,28-juillet-16,/v-portables/laval-rive-nord/macbook-pro-13-3-retina-early-2015-128-gb/1185876375
MACBOOK PRO RÉTINA 13 PO ENCORE SOUS GARANTIE,1250.00,28-juillet-16,/v-portables/laval-rive-nord/macbook-pro-retina-13-po-encore-sous-garantie/1185833749
"Macbook Pro 13inch Retina 2.7 Ghz i5 8GBRAM ,256SSD CC2015 colle",1500.00,28-juillet-16,/v-portables/ville-de-montreal/macbook-pro-13inch-retina-2-7-ghz-i5-8gbram-256ssd-cc2015-colle/1185795735
"MACBOOK PRO RETINA 2015 13"" i5 2.7 ghz 8GB 256GB WARR 4.01.2017",1349.00,28-juillet-16,/v-portables/longueuil-rive-sud/macbook-pro-retina-2015-13-i5-2-7-ghz-8gb-256gb-warr-4-01-2017/1185760287
APPLE MACBOOK PRO RETINA 13 i5 2.6 GHZ 8GB 128GB +PROGRAMS,1099.00,28-juillet-16,/v-portables/longueuil-rive-sud/apple-macbook-pro-retina-13-i5-2-6-ghz-8gb-128gb-programs/1185759460
APPLE MACBOOK 13'' RETINA i5 2.4 ghz 4gb 128gb + PROGRAMS,1199.00,28-juillet-16,/v-portables/longueuil-rive-sud/apple-macbook-13-retina-i5-2-4-ghz-4gb-128gb-programs/1185750838
"Macbook Pro 13inch Retina 2.7 Ghz i5 8GBRAM ,256SSD CC2015 colle",1500.00,28-juillet-16,/v-portables/ville-de-montreal/macbook-pro-13inch-retina-2-7-ghz-i5-8gbram-256ssd-cc2015-colle/1185740747
"MacBook Pro 13"" model 2014",1149.00,27-juillet-16,/v-portables/laval-rive-nord/macbook-pro-13-model-2014/1185578338
"Macbook Retina 13"" 2014 ( 2.6Ghz Intel i5, 8GB, 512GB ) Nov 2017",1250.00,27-juillet-16,/v-portables/ville-de-montreal/macbook-retina-13-2014-2-6ghz-intel-i5-8gb-512gb-nov-2017/1185486566
"Mac Book Pro 13"" avec ecran retina",1400.00,27-juillet-16,/v-portables/ville-de-montreal/mac-book-pro-13-avec-ecran-retina/1185483681
"Macbook Pro 13inch Retina 2.7 Ghz i5 8GBRAM ,256SSD CC2015 colle",1500.00,27-juillet-16,/v-portables/ville-de-montreal/macbook-pro-13inch-retina-2-7-ghz-i5-8gbram-256ssd-cc2015-colle/1185463657
"Macbook Pro 13inch Retina 2.7 Ghz i5 8GBRAM ,256SSD CC2015 colle",1500.00,26-juillet-16,/v-portables/ville-de-montreal/macbook-pro-13inch-retina-2-7-ghz-i5-8gbram-256ssd-cc2015-colle/1185288325
"Macbook Pro 13inch Retina 2.7 Ghz i5 8GBRAM ,256SSD CC2015 colle",1500.00,26-juillet-16,/v-portables/ville-de-montreal/macbook-pro-13inch-retina-2-7-ghz-i5-8gbram-256ssd-cc2015-colle/1185225626
Apple Macbook Pro 13 late 2012 ***NON NEGO,650.00,26-juillet-16,/v-portables/ville-de-montreal/apple-macbook-pro-13-late-2012-non-nego/1185159729
"Macbook Pro Retina 13"" 2012 2013 i5 2.5 Ghz 8GB Logic Board",400.00,25-juillet-16,/v-composants-de-systeme/ville-de-montreal/macbook-pro-retina-13-2012-2013-i5-2-5-ghz-8gb-logic-board/1169488177
"Macbook Pro Retina 13"" A1425 2012 2013 i5 2.5 Ghz 8GB Logic Boar",400.00,25-juillet-16,/v-portables/ville-de-montreal/macbook-pro-retina-13-a1425-2012-2013-i5-2-5-ghz-8gb-logic-boar/1169523707
"MacBook Pro - Retina, 13-inch, 16GB RAM / 256GB SSD - MINT",1800.00,24-juillet-16,/v-portables/ville-de-montreal/macbook-pro-retina-13-inch-16gb-ram-256gb-ssd-mint/1184774177
"Macbook Pro 13"" 2.6 GHz Intel i5 (Mid 2014) SSD 256GB Retina",1250.00,24-juillet-16,/v-portables/longueuil-rive-sud/macbook-pro-13-2-6-ghz-intel-i5-mid-2014-ssd-256gb-retina/1182154559
Macbook pro 13 inch 512Gb SSD 2015 for sale,1800.00,23-juillet-16,/v-portables/laval-rive-nord/macbook-pro-13-inch-512gb-ssd-2015-for-sale/1184540057
"Mujjo 13"" black leather case for MacBook Air and Pro",80.00,22-juillet-16,/v-accessoires-pour-portables/longueuil-rive-sud/mujjo-13-black-leather-case-for-macbook-air-and-pro/1184089136
60W MagSafe 2 Power Adapter +US PLUG+EU PLUG+UK PLUG for MacBook,65.00,21-juillet-16,/v-accessoires-pour-portables/ville-de-montreal/60w-magsafe-2-power-adapter-us-plug-eu-plug-uk-plug-for-macbook/1183935226
60W MagSafe 2 Power Adapter for MacBook Pro 13'' Retina display,45.00,21-juillet-16,/v-accessoires-pour-portables/ville-de-montreal/60w-magsafe-2-power-adapter-for-macbook-pro-13-retina-display/1183926952
