2003 Toyota Celica GT,2000.00,Il y a moins de 3 heures,/v-autos-camions/ville-de-montreal/2003-toyota-celica-gt/1190283114
Mags Celica Supra 82-86,40.00,Il y a moins de 4 heures,/v-pneus-jantes/longueuil-rive-sud/mags-celica-supra-82-86/1190265915
Toyota Célica GT 2001,2200.00,Il y a moins de 5 heures,/v-autos-autres/laval-rive-nord/toyota-celica-gt-2001/1190242252
2002 Toyota Celica,3200.00,Il y a moins de 21 heures,/v-autos-camions/ouest-de-lile-qc/2002-toyota-celica/1190134296
"Toyota Celica GT 95""",2000.00,Il y a moins de 24 heures,/v-autos-camions/ouest-de-lile-qc/toyota-celica-gt-95/1190085106
JDM 94-99 Toyota Celica ST202 3S-GE 3S Engine 5 Speed,900.00,hier,/v-moteurs/ville-de-montreal/jdm-94-99-toyota-celica-st202-3s-ge-3s-engine-5-speed/501090016
Celica GT-S,800.00,hier,/v-autos-camions/longueuil-rive-sud/celica-gt-s/1190054366
Plaquette de Frein Toyota echo/prius,20.00,hier,/v-autres-pieces-et-accessoires/laval-rive-nord/plaquette-de-frein-toyota-echo-prius/1190043238
2002 Toyota Celica Autre,2500.00,hier,/v-autos-camions/laval-rive-nord/2002-toyota-celica-autre/1190019293
"Alternateur pour Toyota corolla, Matrix & Celica sur Moteur 1ZZ",200.00,hier,/v-moteurs/longueuil-rive-sud/alternateur-pour-toyota-corolla-matrix-celica-sur-moteur-1zz/1189996787
Hot & Sexy Blue Toyota Celica TRD,5500.00,hier,/v-autos-camions/ville-de-montreal/hot-sexy-blue-toyota-celica-trd/1189941607
1991 Toyota Celica GT-S looking for creative trades,4950.00,12-août-16,/v-autos-camions/laval-rive-nord/1991-toyota-celica-gt-s-looking-for-creative-trades/1178588752
Pieces Toyota Celica 2000-2005,40.00,12-août-16,/v-autres-pieces-et-accessoires/longueuil-rive-sud/pieces-toyota-celica-2000-2005/1175024197
2000 Toyota Celica Coupé (2 portes),2750.00,12-août-16,/v-autos-camions/laval-rive-nord/2000-toyota-celica-coupe-2-portes/1161701579
Toyota Celica GT 1991 Rouge,2500.00,12-août-16,/v-autos-camions/laval-rive-nord/toyota-celica-gt-1991-rouge/1174826487
"JDM TOYOTA CELICA GT4 FRONT ADJUSTABLE SHOCKS, 1994+",200.00,12-août-16,/v-moteurs/ville-de-montreal/jdm-toyota-celica-gt4-front-adjustable-shocks-1994/1189760771
2001 Toyota Celica Coupé (2 portes),2900.00,12-août-16,/v-autos-camions/ville-de-montreal/2001-toyota-celica-coupe-2-portes/1174493312
JDM 3SGTE ST205 1994+ TOYOTA CELICA ENGINE TURBO MT TRANSMISSION,1500.00,12-août-16,/v-moteurs/ville-de-montreal/jdm-3sgte-st205-1994-toyota-celica-engine-turbo-mt-transmission/1129176277
Rare 1976 Toyota Celica Coupe (2 door),Sur demande,11-août-16,/v-autos-camions/ville-de-montreal/rare-1976-toyota-celica-coupe-2-door/1189583802
TOYOTA CELICA 3SGTE ST205 1994+ TURBO ENGINE MT TRANSMISSION,Sur demande,11-août-16,/v-moteurs/ville-de-montreal/toyota-celica-3sgte-st205-1994-turbo-engine-mt-transmission/1189570815
00 05 TOYOTA COROLLA CELICA MRS MATRIX PRIZM VIBE 1.8L DOHC VVTI,Sur demande,11-août-16,/v-moteurs/ville-de-montreal/00-05-toyota-corolla-celica-mrs-matrix-prizm-vibe-1-8l-dohc-vvti/1128011012
Piece d'auto usagé/Used Parts Toyota,Sur demande,11-août-16,/v-autres-pieces-et-accessoires/ville-de-montreal/piece-dauto-usage-used-parts-toyota/1189426724
TOYOTA / ALTERNATEUR - ALTERNATOR / DÉMARREUR - STARTER,Sur demande,11-août-16,/v-autres-pieces-et-accessoires/laval-rive-nord/toyota-alternateur-alternator-demarreur-starter/1189394641
NEUF Exhaust Manifold Neuf Toyota Corolla / Celica 1988 - 1997,180.00,11-août-16,/v-moteurs/ville-de-montreal/neuf-exhaust-manifold-neuf-toyota-corolla-celica-1988-1997/1141435999
"NEUF TPS Throttle Position Sensor Toyota  1997- 2006 Plus. Mod,",60.00,11-août-16,/v-moteurs/ville-de-montreal/neuf-tps-throttle-position-sensor-toyota-1997-2006-plus-mod/1082027937
2003 Toyota Celica Coupé (2 portes),6500.00,11-août-16,/v-autos-camions/longueuil-rive-sud/2003-toyota-celica-coupe-2-portes/1174626594
Lumière avant pour une Toyota Célica 2000,190.00,10-août-16,/v-carrosserie/ville-de-montreal/lumiere-avant-pour-une-toyota-celica-2000/1189326160
2000 Toyota Celica GT Coupé (2 portes) 1.6L,2985.00,10-août-16,/v-autos-camions/ville-de-montreal/2000-toyota-celica-gt-coupe-2-portes-1-6l/1167030059
Toyota 2.2L Camry/Celica water pump / pompe a eau,45.00,10-août-16,/v-moteurs/ville-de-montreal/toyota-2-2l-camry-celica-water-pump-pompe-a-eau/1189243250
1993 Toyota Celica Gt-s Coupe (2 door),1000.00,10-août-16,/v-autos-camions/longueuil-rive-sud/1993-toyota-celica-gt-s-coupe-2-door/1189206874
Piece d'auto usagé/Used Parts Toyota,Sur demande,10-août-16,/v-autres-pieces-et-accessoires/ville-de-montreal/piece-dauto-usage-used-parts-toyota/1189174686
JDM TOYOTA 2ZZ Moteur 2ZZ ENGINE 6speed 2ZZ VVTI 2000 - 2005,2200.00,10-août-16,/v-moteurs/ville-de-montreal/jdm-toyota-2zz-moteur-2zz-engine-6speed-2zz-vvti-2000-2005/1142686966
Toyota Celica GT-S 1992,450.00,10-août-16,/v-autos-camions/ville-de-montreal/toyota-celica-gt-s-1992/1189152620
98 03 TOYOTA CELICA CALDINA 3SGTE ST215 ENGINE JDM 3SGTE MOTOR,Sur demande,10-août-16,/v-moteurs/ville-de-montreal/98-03-toyota-celica-caldina-3sgte-st215-engine-jdm-3sgte-motor/1140477581
"JDM TOYOTA SPYDER, MR2 1ZZ VVTI ENGINE, ECU, WIRING, 00-05 W",1800.00,10-août-16,/v-moteurs/ville-de-montreal/jdm-toyota-spyder-mr2-1zz-vvti-engine-ecu-wiring-00-05-w/1142662204
Couvert pare-choc NEUF Toyota Celica 2000 2001 2002 Bumper Cover,370.00,10-août-16,/v-carrosserie/ville-de-montreal/couvert-pare-choc-neuf-toyota-celica-2000-2001-2002-bumper-cover/1087912602
2016 Scion tC 2016,27605.40,10-août-16,/v-autos-camions/laval-rive-nord/2016-scion-tc-2016/1189105048
Toyota Celica 1993,3650.00,10-août-16,/v-autos-camions/longueuil-rive-sud/toyota-celica-1993/1189049255
Toyota Celica Turbo,3500.00,09-août-16,/v-autos-camions/longueuil-rive-sud/toyota-celica-turbo/1189011148
TOYOTA INSTALLATION KIT HID XENON CONVERSION SLIM CAR HEADLIGHTS,Sur demande,09-août-16,/v-autos-autres/ville-de-montreal/toyota-installation-kit-hid-xenon-conversion-slim-car-headlights/1188998421
